<?xml version="1.0" encoding="UTF-8"?>
<!DOCTYPE MudletPackage>
<MudletPackage version="1.0">
    <AliasPackage>
        <AliasGroup isActive="yes" isFolder="yes">
            <name>Reply</name>
            <script></script>
            <command></command>
            <packageName></packageName>
            <regex></regex>
            <Alias isActive="yes" isFolder="no">
                <name>tell Voiinskreiz</name>
                <script>send(&quot;tell Voiinskreiz &quot;..matches[2])</script>
                <command></command>
                <packageName></packageName>
                <regex>^tv (.*)$</regex>
            </Alias>
            <Alias isActive="yes" isFolder="no">
                <name>Reply2Alias</name>
                <script>send(&quot;tell &quot;..teller_new..&quot; &quot;..matches[2])</script>
                <command></command>
                <packageName></packageName>
                <regex>^re (.*)$</regex>
            </Alias>
            <Alias isActive="yes" isFolder="no">
                <name>TelEgalmoth</name>
                <script>send(&quot;tell egalmoth &quot;..matches[2])
--^et (.*)$</script>
                <command></command>
                <packageName></packageName>
                <regex>^et (.*)$</regex>
            </Alias>
            <Alias isActive="yes" isFolder="no">
                <name>telGalmod</name>
                <script>send(&quot;tell galmod &quot;..matches[2])
</script>
                <command></command>
                <packageName></packageName>
                <regex>^tg (.*)$</regex>
            </Alias>
            <Alias isActive="yes" isFolder="no">
                <name>tell Fastolph</name>
                <script>send(&quot;tell Fastolph &quot;..matches[2])</script>
                <command></command>
                <packageName></packageName>
                <regex>^tf (.*)$</regex>
            </Alias>
        </AliasGroup>
    </AliasPackage>
    <TriggerPackage>
        <TriggerGroup isActive="yes" isFolder="yes" isTempTrigger="no" isMultiline="no" isPerlSlashGOption="no" isColorizerTrigger="no" isFilterTrigger="no" isSoundTrigger="no" isColorTrigger="no" isColorTriggerFg="no" isColorTriggerBg="no">
            <name>Reply</name>
            <script></script>
            <triggerType>0</triggerType>
            <conditonLineDelta>0</conditonLineDelta>
            <mStayOpen>0</mStayOpen>
            <mCommand></mCommand>
            <packageName></packageName>
            <mFgColor>#ff0000</mFgColor>
            <mBgColor>#ffff00</mBgColor>
            <mSoundFile></mSoundFile>
            <colorTriggerFgColor>#000000</colorTriggerFgColor>
            <colorTriggerBgColor>#000000</colorTriggerBgColor>
            <regexCodeList/>
            <regexCodePropertyList/>
            <TriggerGroup isActive="yes" isFolder="yes" isTempTrigger="no" isMultiline="yes" isPerlSlashGOption="yes" isColorizerTrigger="no" isFilterTrigger="yes" isSoundTrigger="no" isColorTrigger="yes" isColorTriggerFg="yes" isColorTriggerBg="no">
                <name>ReplyColorFilter</name>
                <script>--Color filter in order to avoid &quot;tells you&quot; pattern in whois </script>
                <triggerType>0</triggerType>
                <conditonLineDelta>0</conditonLineDelta>
                <mStayOpen>0</mStayOpen>
                <mCommand></mCommand>
                <packageName></packageName>
                <mFgColor>#ff0000</mFgColor>
                <mBgColor>#ffff00</mBgColor>
                <mSoundFile></mSoundFile>
                <colorTriggerFgColor>#00b300</colorTriggerFgColor>
                <colorTriggerBgColor>#000000</colorTriggerBgColor>
                <regexCodeList>
                    <string>FG6BG0</string>
                </regexCodeList>
                <regexCodePropertyList>
                    <integer>6</integer>
                </regexCodePropertyList>
                <Trigger isActive="yes" isFolder="no" isTempTrigger="no" isMultiline="no" isPerlSlashGOption="no" isColorizerTrigger="no" isFilterTrigger="no" isSoundTrigger="no" isColorTrigger="no" isColorTriggerFg="no" isColorTriggerBg="no">
                    <name>ReplyWithArray</name>
                    <script>local GetCharacterName=WordsFromLine(matches[2])
local ThatCharacterName=GetCharacterName[1]

local raw_teller=matches[2]

if string.find(matches[2], &quot;tells you&quot;, 1)~=nil then raw_teller=ThatCharacterName end


Name=0
Vote=0
--echo(&quot;\n&quot;..matches[2]..&quot;\n&quot;)
--echo(&quot;\n&quot;..matches[3]..&quot;\n&quot;)
if string.find(matches[3], &quot;Vot&quot;, 1)~=nil then Vote=1
 elseif string.find(matches[3], &quot;VOT&quot;, 1)~=nil then Vote=1
 elseif string.find(matches[3], &quot;vot&quot;, 1)~=nil then Vote=1
end
--  if string.find(raw_teller, &quot;Rogon&quot;, 1)~=nil then Name=1
--  elseif string.find(raw_teller, &quot;Imago&quot;, 1)~=nil then Name=1
if string.find(matches[2], &quot;Rogon&quot;, 1)~=nil then Name=1
  elseif string.find(matches[2], &quot;Imago&quot;, 1)~=nil then Name=1
  elseif string.find(matches[3], &quot;SELLING&quot;, 1)~=nil then Name=1 Vote=1
  elseif string.find(matches[3], &quot;AFK&quot;, 1)~=nil then Name=1 Vote=1
end
CustomFilter=Name*Vote
--echo(&quot;\n&quot;..CustomFilter..&quot;\n&quot;)


if not contains(mob_name, raw_teller) then
if CustomFilter==0 then
if string.find(raw_teller, &quot; &quot;, 1)==nil then
  teller_new=raw_teller 
--   echo(&quot;\n\n\_________________&quot;..teller_new..&quot;\n\n&quot;)
end
end
end
</script>
                    <triggerType>0</triggerType>
                    <conditonLineDelta>0</conditonLineDelta>
                    <mStayOpen>0</mStayOpen>
                    <mCommand></mCommand>
                    <packageName></packageName>
                    <mFgColor>#ff0000</mFgColor>
                    <mBgColor>#ffff00</mBgColor>
                    <mSoundFile></mSoundFile>
                    <colorTriggerFgColor>#000000</colorTriggerFgColor>
                    <colorTriggerBgColor>#000000</colorTriggerBgColor>
                    <regexCodeList>
                        <string>(.+) tells you (.+)</string>
                    </regexCodeList>
                    <regexCodePropertyList>
                        <integer>1</integer>
                    </regexCodePropertyList>
                </Trigger>
            </TriggerGroup>
        </TriggerGroup>
    </TriggerPackage>
    <ScriptPackage>
        <ScriptGroup isActive="yes" isFolder="yes">
            <name>Reply</name>
            <packageName></packageName>
            <script>-------------------------------------------------
--         Put your Lua functions here.        --
--                                             --
-- Note that you can also use external Scripts --
-------------------------------------------------
</script>
            <eventHandlerList/>
            <Script isActive="yes" isFolder="no">
                <name>mob_name</name>
                <packageName></packageName>
                <script>mob_name = {
&quot;Anak&quot;,
&quot;Amanrandil&quot;,
&quot;Anarwen&quot;,
&quot;Angdil&quot;,
&quot;Barliman&quot;,
&quot;Celeborn&quot;,
&quot;Ciryariel&quot;,
&quot;Curundil&quot;,
&quot;Celebrindal &quot;,
&quot;Daegil&quot;,
&quot;Ecthelion&quot;,
&quot;Erestor&quot;,
&quot;Erienal&quot;,
&quot;Elrond&quot;,
&quot;Galadriel&quot;,
&quot;Nordri&quot;,
&quot;Orophin&quot;,
&quot;Sarion&quot;,
&quot;Sauron&quot;,
&quot;Tom&quot;,
&quot;ranger&quot;,
&quot;Katerine&quot;
}</script>
                <eventHandlerList/>
            </Script>
            <Script isActive="yes" isFolder="no">
                <name>contains</name>
                <packageName></packageName>
                <script>function contains(tbl, item)
    for key, value in pairs(tbl) do
        if value == item then return true end
    end
    return false
end</script>
                <eventHandlerList/>
            </Script>
            <Script isActive="yes" isFolder="no">
                <name>WordsFromLine</name>
                <packageName></packageName>
                <script>function WordsFromLine(inputstr, sep)
        if sep == nil then
                sep = &quot;%s&quot;
        end
        local t={} ; i=0
        for str in string.gmatch(inputstr, &quot;([^&quot;..sep..&quot;]+)&quot;) do
                i = i + 1
                t[i] = str
        end
        return t
end</script>
                <eventHandlerList/>
            </Script>
        </ScriptGroup>
    </ScriptPackage>
</MudletPackage>
